Date Added,Source,Quote,Author,URL,Status,Notes,HTML,Attribution
2026-09-01T17:04:44,ZenQuotes API,"Cultivate the merry heart, develop the happiness habit, and life will become a continual feast.",Norman Vincent Peale,https://zenquotes.io/,Needs Review,,"<blockquote>&ldquo;Cultivate the merry heart, develop the happiness habit, and life will become a continual feast.&rdquo; &mdash; <footer>Norman Vincent Peale</footer></blockquote>",Inspirational quotes provided by ZenQuotes API
2026-09-01T17:04:44,ZenQuotes API,"So we beat on, boats against the current, borne back ceaselessly into the past.",F. Scott Fitzgerald,https://zenquotes.io/,Needs Review,,"<blockquote>&ldquo;So we beat on, boats against the current, borne back ceaselessly into the past.&rdquo; &mdash; <footer>F. Scott Fitzgerald</footer></blockquote>",Inspirational quotes provided by ZenQuotes API
2026-09-01T17:04:44,ZenQuotes API,"Often we pass beside happiness without seeing it, without looking at it, or even if we have seen and looked at it, without recognizing it.",Alexandre Dumas,https://zenquotes.io/,Needs Review,,"<blockquote>&ldquo;Often we pass beside happiness without seeing it, without looking at it, or even if we have seen and looked at it, without recognizing it.&rdquo; &mdash; <footer>Alexandre Dumas</footer></blockquote>",Inspirational quotes provided by ZenQuotes API
2026-09-01T17:04:44,ZenQuotes API,"The more you extend kindness to yourself, the more it will become your automatic response to others.",Wayne Dyer,https://zenquotes.io/,Needs Review,,"<blockquote>&ldquo;The more you extend kindness to yourself, the more it will become your automatic response to others.&rdquo; &mdash; <footer>Wayne Dyer</footer></blockquote>",Inspirational quotes provided by ZenQuotes API
2026-09-01T17:04:44,ZenQuotes API,Develop success from failures. Discouragement and failure are two of the surest stepping stones to success.,Dale Carnegie,https://zenquotes.io/,Needs Review,,<blockquote>&ldquo;Develop success from failures. Discouragement and failure are two of the surest stepping stones to success.&rdquo; &mdash; <footer>Dale Carnegie</footer></blockquote>,Inspirational quotes provided by ZenQuotes API
2026-09-01T17:04:44,ZenQuotes API,"I find the best way to love someone is not to change them, but instead, help them reveal the greatest version of themselves.",Steve Maraboli,https://zenquotes.io/,Needs Review,,"<blockquote>&ldquo;I find the best way to love someone is not to change them, but instead, help them reveal the greatest version of themselves.&rdquo; &mdash; <footer>Steve Maraboli</footer></blockquote>",Inspirational quotes provided by ZenQuotes API
2026-09-01T17:04:44,ZenQuotes API,You become stronger with every problem you face and every obstacle you overcome.,Celestine Chua,https://zenquotes.io/,Needs Review,,<blockquote>&ldquo;You become stronger with every problem you face and every obstacle you overcome.&rdquo; &mdash; <footer>Celestine Chua</footer></blockquote>,Inspirational quotes provided by ZenQuotes API
2026-09-01T17:04:44,ZenQuotes API,Believe in yourself and all that you are. Know that there is something inside you that is greater than any obstacle.,Colin R. Davis,https://zenquotes.io/,Needs Review,,<blockquote>&ldquo;Believe in yourself and all that you are. Know that there is something inside you that is greater than any obstacle.&rdquo; &mdash; <footer>Colin R. Davis</footer></blockquote>,Inspirational quotes provided by ZenQuotes API
2026-09-01T17:04:44,ZenQuotes API,You will not do incredible things without an incredible dream.,John Eliot,https://zenquotes.io/,Needs Review,,<blockquote>&ldquo;You will not do incredible things without an incredible dream.&rdquo; &mdash; <footer>John Eliot</footer></blockquote>,Inspirational quotes provided by ZenQuotes API
2026-09-01T17:04:44,ZenQuotes API,"To some degree, you control your life by controlling your time.",Conrad Hilton,https://zenquotes.io/,Needs Review,,"<blockquote>&ldquo;To some degree, you control your life by controlling your time.&rdquo; &mdash; <footer>Conrad Hilton</footer></blockquote>",Inspirational quotes provided by ZenQuotes API
2026-09-01T17:04:44,ZenQuotes API,"It is under the greatest adversity that there exists the greatest potential for doing good, both for oneself and others.",Dalai Lama,https://zenquotes.io/,Needs Review,,"<blockquote>&ldquo;It is under the greatest adversity that there exists the greatest potential for doing good, both for oneself and others.&rdquo; &mdash; <footer>Dalai Lama</footer></blockquote>",Inspirational quotes provided by ZenQuotes API
2026-09-01T17:04:44,ZenQuotes API,"A dead thing can go with the stream, but only a living thing can go against it.",Gilbert Chesterton,https://zenquotes.io/,Needs Review,,"<blockquote>&ldquo;A dead thing can go with the stream, but only a living thing can go against it.&rdquo; &mdash; <footer>Gilbert Chesterton</footer></blockquote>",Inspirational quotes provided by ZenQuotes API
2026-09-01T17:04:44,ZenQuotes API,"Successful people appreciate where they have come from, but they don't let their past set the tone for their future.",Steve Harvey,https://zenquotes.io/,Needs Review,,"<blockquote>&ldquo;Successful people appreciate where they have come from, but they don&#039;t let their past set the tone for their future.&rdquo; &mdash; <footer>Steve Harvey</footer></blockquote>",Inspirational quotes provided by ZenQuotes API
2026-09-01T17:04:44,ZenQuotes API,Most of us live our lives by accident - we live as it happens. Fulfilment comes when we live our lives on purpose.,Simon Sinek,https://zenquotes.io/,Needs Review,,<blockquote>&ldquo;Most of us live our lives by accident - we live as it happens. Fulfilment comes when we live our lives on purpose.&rdquo; &mdash; <footer>Simon Sinek</footer></blockquote>,Inspirational quotes provided by ZenQuotes API
2026-09-01T17:04:44,ZenQuotes API,"Most people dabble their way through life, never deciding to master anything in particular.",Tony Robbins,https://zenquotes.io/,Needs Review,,"<blockquote>&ldquo;Most people dabble their way through life, never deciding to master anything in particular.&rdquo; &mdash; <footer>Tony Robbins</footer></blockquote>",Inspirational quotes provided by ZenQuotes API
2026-09-01T17:04:44,ZenQuotes API,"We are all self-made, but only the successful will admit it.",Earl Nightingale,https://zenquotes.io/,Needs Review,,"<blockquote>&ldquo;We are all self-made, but only the successful will admit it.&rdquo; &mdash; <footer>Earl Nightingale</footer></blockquote>",Inspirational quotes provided by ZenQuotes API
2026-09-01T17:04:44,ZenQuotes API,"Real growth comes through intense, difficult, and challenging situations.",Kamal Ravikant,https://zenquotes.io/,Needs Review,,"<blockquote>&ldquo;Real growth comes through intense, difficult, and challenging situations.&rdquo; &mdash; <footer>Kamal Ravikant</footer></blockquote>",Inspirational quotes provided by ZenQuotes API
2026-09-01T17:04:44,ZenQuotes API,Focus is a matter of deciding what things you're not going to do.,John Carmack,https://zenquotes.io/,Needs Review,,<blockquote>&ldquo;Focus is a matter of deciding what things you&#039;re not going to do.&rdquo; &mdash; <footer>John Carmack</footer></blockquote>,Inspirational quotes provided by ZenQuotes API
2026-09-01T17:04:44,ZenQuotes API,Attitude drives actions. Actions drive results. Results drive lifestyles.,Jim Rohn,https://zenquotes.io/,Needs Review,,<blockquote>&ldquo;Attitude drives actions. Actions drive results. Results drive lifestyles.&rdquo; &mdash; <footer>Jim Rohn</footer></blockquote>,Inspirational quotes provided by ZenQuotes API
2026-09-01T17:04:44,ZenQuotes API,"If you change the way you look at things, the things you look at change.",Wayne Dyer,https://zenquotes.io/,Needs Review,,"<blockquote>&ldquo;If you change the way you look at things, the things you look at change.&rdquo; &mdash; <footer>Wayne Dyer</footer></blockquote>",Inspirational quotes provided by ZenQuotes API
2026-09-01T17:04:44,ZenQuotes API,The journey is what brings us happiness not the destination.,Dan Millman,https://zenquotes.io/,Needs Review,,<blockquote>&ldquo;The journey is what brings us happiness not the destination.&rdquo; &mdash; <footer>Dan Millman</footer></blockquote>,Inspirational quotes provided by ZenQuotes API
2026-09-01T17:04:44,ZenQuotes API,Conscience is a dog that does not stop us from passing but that we cannot prevent from barking.,Nicolas Chamfort,https://zenquotes.io/,Needs Review,,<blockquote>&ldquo;Conscience is a dog that does not stop us from passing but that we cannot prevent from barking.&rdquo; &mdash; <footer>Nicolas Chamfort</footer></blockquote>,Inspirational quotes provided by ZenQuotes API
2026-09-01T17:04:44,ZenQuotes API,"Life is and will ever remain an equation incapable of solution, but it contains certain known factors.",Nikola Tesla,https://zenquotes.io/,Needs Review,,"<blockquote>&ldquo;Life is and will ever remain an equation incapable of solution, but it contains certain known factors.&rdquo; &mdash; <footer>Nikola Tesla</footer></blockquote>",Inspirational quotes provided by ZenQuotes API
2026-09-01T17:04:44,ZenQuotes API,"If you see a get rich quick scheme, that's someone else trying to get rich off of you.",Naval Ravikant,https://zenquotes.io/,Needs Review,,"<blockquote>&ldquo;If you see a get rich quick scheme, that&#039;s someone else trying to get rich off of you.&rdquo; &mdash; <footer>Naval Ravikant</footer></blockquote>",Inspirational quotes provided by ZenQuotes API
2026-09-01T17:04:44,ZenQuotes API,You have to go through the falling down in order to learn to walk. It helps to know that you can survive it. That's an education in itself.,Carol Burnett,https://zenquotes.io/,Needs Review,,<blockquote>&ldquo;You have to go through the falling down in order to learn to walk. It helps to know that you can survive it. That&#039;s an education in itself.&rdquo; &mdash; <footer>Carol Burnett</footer></blockquote>,Inspirational quotes provided by ZenQuotes API
2026-09-01T17:04:44,ZenQuotes API,The more people you help become successful the more successful you become.,Steve Harvey,https://zenquotes.io/,Needs Review,,<blockquote>&ldquo;The more people you help become successful the more successful you become.&rdquo; &mdash; <footer>Steve Harvey</footer></blockquote>,Inspirational quotes provided by ZenQuotes API
2026-09-01T17:04:44,ZenQuotes API,"If we learn to open our hearts, anyone, including the people who drive us crazy, can be our teacher.",Pema Chodron,https://zenquotes.io/,Needs Review,,"<blockquote>&ldquo;If we learn to open our hearts, anyone, including the people who drive us crazy, can be our teacher.&rdquo; &mdash; <footer>Pema Chodron</footer></blockquote>",Inspirational quotes provided by ZenQuotes API
